{
  "seed": 42,
  "num_nodes": 100000,
  "num_plates": 20,
  "radius_km": 6817.0,
  "elevation_range_m": [
    -4196.58948513291,
    5551.971161456339
  ],
  "png_elevation_range_m": [
    -11000,
    9000
  ],
  "sea_level_m": 0.0,
  "export_resolution": [
    4096,
    2048
  ],
  "pipeline_version": "2.0-cvt"
}